[
  {
    "city": "brighton-&-hove",
    "name": "JS Emergency Electricians",
    "id": "js-emergency-electricians-brighton"
  },
  {
    "city": "bristol",
    "name": "Fairway Electrical (Bristol) Ltd",
    "id": "fairway-electrical-bristol-ltd"
  },
  {
    "city": "bristol",
    "name": "Anarc Electrical Contractors",
    "id": "anarc-electrical-contractors-bristol"
  },
  {
    "city": "bristol",
    "name": "Smart Electrics SW Ltd",
    "id": "smart-electrics-sw-ltd-bristol"
  },
  {
    "city": "canterbury",
    "name": "Express Electricians",
    "id": "express-electricians-canterbury"
  },
  {
    "city": "canterbury",
    "name": "AC1 Electrical Services LTD",
    "id": "ac1-electrical-services-ltd-canterbury"
  },
  {
    "city": "carlisle",
    "name": "Express Local Carlisle Electricians",
    "id": "express-local-carlisle-electricians"
  },
  {
    "city": "chelmsford",
    "name": "Bryden Electrical Ltd",
    "id": "bryden-electrical-ltd-chelmsford"
  },
  {
    "city": "chelmsford",
    "name": "TM Hughes Electrical",
    "id": "tm-hughes-electrical-chelmsford"
  },
  {
    "city": "chelmsford",
    "name": "Con-Fused Electrical",
    "id": "con-fused-electrical-chelmsford"
  },
  {
    "city": "chelmsford",
    "name": "Mercury Electrical",
    "id": "mercury-electrical-chelmsford"
  },
  {
    "city": "chester",
    "name": "Express Electricians",
    "id": "express-electricians-chester"
  },
  {
    "city": "chester",
    "name": "Local Services 24 Hour",
    "id": "local-services-24h-chester"
  },
  {
    "city": "chichester",
    "name": "Grip Electric Limited",
    "id": "grip-electric-limited-chichester"
  },
  {
    "city": "chichester",
    "name": "Swift Electrical",
    "id": "swift-electrical-chichester"
  },
  {
    "city": "chichester",
    "name": "Express Local Chichester Electricians",
    "id": "express-local-chichester-electricians"
  },
  {
    "city": "colchester",
    "name": "Trotman Electrical Services",
    "id": "trotman-electrical-services-colchester"
  },
  {
    "city": "colchester",
    "name": "AC1 Electrical Services LTD",
    "id": "ac1-electrical-services-ltd-colchester"
  },
  {
    "city": "colchester",
    "name": "Express Electricians",
    "id": "express-electricians-colchester"
  },
  {
    "city": "colchester",
    "name": "All Services 4U",
    "id": "all-services-4u-colchester"
  },
  {
    "city": "colchester",
    "name": "Able Electricians",
    "id": "able-electricians-colchester"
  },
  {
    "city": "ely",
    "name": "Emergency Electrician Ely",
    "id": "emergency-electrician-ely-cb7"
  },
  {
    "city": "exeter",
    "name": "EPM (Exeter Property Maintenance Limited)",
    "id": "epm-exeter-property-maintenance-limited"
  },
  {
    "city": "exeter",
    "name": "Heritage Electrical",
    "id": "heritage-electrical-exeter"
  },
  {
    "city": "exeter",
    "name": "Grover Electrical",
    "id": "grover-electrical-exeter"
  },
  {
    "city": "exeter",
    "name": "SL Electricals",
    "id": "sl-electricals-exeter"
  },
  {
    "city": "lancaster",
    "name": "NS Electrical",
    "id": "ns-electrical-lancaster"
  },
  {
    "city": "lancaster",
    "name": "24 Hour Electrician Lancaster",
    "id": "24-hour-electrician-lancaster"
  },
  {
    "city": "lichfield",
    "name": "Burton Electrical & Plumbing Solutions",
    "id": "burton-electrical-plumbing-solutions-lichfield"
  },
  {
    "city": "lichfield",
    "name": "ProElec",
    "id": "proelec-lichfield"
  },
  {
    "city": "lichfield",
    "name": "Darwin Electrical Services",
    "id": "darwin-electrical-services-lichfield"
  },
  {
    "city": "lincoln",
    "name": "Lincoln Electrical",
    "id": "lincoln-electrical"
  },
  {
    "city": "lincoln",
    "name": "Emergency Electrician 24 hours",
    "id": "emergency-electrician-24-hours-lincoln"
  },
  {
    "city": "lincoln",
    "name": "Viking Electrical",
    "id": "viking-electrical-lincoln"
  },
  {
    "city": "lincoln",
    "name": "MK Electrical (Lincoln) Limited",
    "id": "mk-electrical-lincoln"
  },
  {
    "city": "london",
    "name": "24 Emergency Electrician Ltd",
    "id": "24-emergency-electrician-ltd-london"
  },
  {
    "city": "london",
    "name": "THS Electrical",
    "id": "ths-electrical-london"
  },
  {
    "city": "london",
    "name": "London Electricians 24/7",
    "id": "london-electricians-24-7"
  },
  {
    "city": "london",
    "name": "Pimlico Plumbers",
    "id": "pimlico-plumbers-london"
  },
  {
    "city": "london",
    "name": "Emergency Electrics And Heating 24/7",
    "id": "emergency-electrics-and-heating-24-7-london"
  },
  {
    "city": "london",
    "name": "Electricians London 247",
    "id": "electricians-london-247"
  },
  {
    "city": "london",
    "name": "Excel Electricians",
    "id": "excel-electricians-london"
  },
  {
    "city": "newcastle-upon-tyne",
    "name": "Express Local Newcastle Electricians",
    "id": "express-local-newcastle-electricians"
  },
  {
    "city": "newcastle-upon-tyne",
    "name": "Tyneside Electrical Services Ltd",
    "id": "tyneside-electrical-services-ltd-newcastle"
  },
  {
    "city": "newcastle-upon-tyne",
    "name": "Great Park Electrical",
    "id": "great-park-electrical-newcastle"
  },
  {
    "city": "newcastle-upon-tyne",
    "name": "Grip Electric Limited",
    "id": "grip-electric-limited-newcastle"
  },
  {
    "city": "newcastle-upon-tyne",
    "name": "North East Electricals",
    "id": "north-east-electricals-newcastle"
  },
  {
    "city": "plymouth",
    "name": "PBW Electrics Ltd",
    "id": "pbw-electrics-ltd-plymouth"
  },
  {
    "city": "portsmouth",
    "name": "L.E. Electrical Portsmouth",
    "id": "l-e-electrical-portsmouth"
  },
  {
    "city": "portsmouth",
    "name": "Express Electrical Services",
    "id": "express-electrical-services-portsmouth"
  },
  {
    "city": "portsmouth",
    "name": "JS Emergency Electricians",
    "id": "js-emergency-electricians-portsmouth"
  },
  {
    "city": "portsmouth",
    "name": "Grip Electric Limited",
    "id": "grip-electric-limited-portsmouth"
  },
  {
    "city": "salford",
    "name": "Express Electricians",
    "id": "express-electricians-salford"
  },
  {
    "city": "salford",
    "name": "AK Electrical Services",
    "id": "ak-electrical-services-salford"
  },
  {
    "city": "salford",
    "name": "KHL Electrical Contractor",
    "id": "khl-electrical-contractor-salford"
  },
  {
    "city": "salford",
    "name": "Emergency Electrician Salford",
    "id": "emergency-electrician-salford-mcr"
  },
  {
    "city": "salisbury",
    "name": "Bennett & Dean",
    "id": "bennett-dean-salisbury"
  },
  {
    "city": "southampton",
    "name": "Home Electrical Services Ltd",
    "id": "home-electrical-services-ltd-southampton"
  },
  {
    "city": "southampton",
    "name": "Express Electricians",
    "id": "express-electricians-southampton"
  },
  {
    "city": "southampton",
    "name": "Solent Electrical Services",
    "id": "solent-electrical-services-southampton"
  },
  {
    "city": "southampton",
    "name": "T Darby (Electrical) Limited",
    "id": "t-darby-electrical-southampton"
  }
]